cpu_id,cpu_name,gpu_id,gpu_name,time_spy_score
p001,AMD Ryzen 5 5600X,p013,NVIDIA RTX 3060 12GB,9850
p001,AMD Ryzen 5 5600X,p014,ASUS RTX 4070 Dual,16720
p001,AMD Ryzen 5 5600X,p015,AMD Radeon RX 6800 XT,17850
p001,AMD Ryzen 5 5600X,p016,MSI RTX 4090 SUPRIM,31240
p001,AMD Ryzen 5 5600X,p017,PowerColor RX 7900 XTX,28900
p001,AMD Ryzen 5 5600X,p018,Zotac RTX 4060 Ti 8GB,13210
p001,AMD Ryzen 5 5600X,p060,NVIDIA RTX 3050 8GB,6240
p001,AMD Ryzen 5 5600X,p061,ASUS RTX 4080 SUPER,26650
p001,AMD Ryzen 5 5600X,p062,AMD Radeon RX 7700 XT,15480
p001,AMD Ryzen 5 5600X,p063,MSI RTX 4070 Ti SUPER,22670
p001,AMD Ryzen 5 5600X,p064,PowerColor RX 7600,11240
p001,AMD Ryzen 5 5600X,p065,Zotac RTX 3060 Ti,11430
p001,AMD Ryzen 5 5600X,p066,Gigabyte RTX 4060 AERO OC,12890
p001,AMD Ryzen 5 5600X,p104,AMD Radeon RX 6600,9490
p001,AMD Ryzen 5 5600X,p119,NVIDIA GT 1030 2GB,1890
p001,AMD Ryzen 5 5600X,p120,AMD Radeon RX 6500 XT,5120
p001,AMD Ryzen 5 5600X,p121,Intel Arc A750 8GB,11760
p001,AMD Ryzen 5 5600X,p122,NVIDIA RTX 4090 Founders Edition,32580
p001,AMD Ryzen 5 5600X,p123,ASUS RTX 3060 Ti White Edition,11590
p001,AMD Ryzen 5 5600X,p124,Sapphire RX 7900 GRE,24120
p001,AMD Ryzen 5 5600X,p125,MSI RTX 4060 Ventus 2X Black,12730
p002,AMD Ryzen 7 7800X3D,p013,NVIDIA RTX 3060 12GB,10240
p002,AMD Ryzen 7 7800X3D,p014,ASUS RTX 4070 Dual,17350
p002,AMD Ryzen 7 7800X3D,p015,AMD Radeon RX 6800 XT,18420
p002,AMD Ryzen 7 7800X3D,p016,MSI RTX 4090 SUPRIM,32800
p002,AMD Ryzen 7 7800X3D,p017,PowerColor RX 7900 XTX,30150
p002,AMD Ryzen 7 7800X3D,p018,Zotac RTX 4060 Ti 8GB,13790
p002,AMD Ryzen 7 7800X3D,p060,NVIDIA RTX 3050 8GB,6480
p002,AMD Ryzen 7 7800X3D,p061,ASUS RTX 4080 SUPER,27940
p002,AMD Ryzen 7 7800X3D,p062,AMD Radeon RX 7700 XT,16120
p002,AMD Ryzen 7 7800X3D,p063,MSI RTX 4070 Ti SUPER,23890
p002,AMD Ryzen 7 7800X3D,p064,PowerColor RX 7600,11750
p002,AMD Ryzen 7 7800X3D,p065,Zotac RTX 3060 Ti,11920
p002,AMD Ryzen 7 7800X3D,p066,Gigabyte RTX 4060 AERO OC,13420
p002,AMD Ryzen 7 7800X3D,p104,AMD Radeon RX 6600,9890
p002,AMD Ryzen 7 7800X3D,p119,NVIDIA GT 1030 2GB,1970
p002,AMD Ryzen 7 7800X3D,p120,AMD Radeon RX 6500 XT,5320
p002,AMD Ryzen 7 7800X3D,p121,Intel Arc A750 8GB,12340
p002,AMD Ryzen 7 7800X3D,p122,NVIDIA RTX 4090 Founders Edition,34110
p002,AMD Ryzen 7 7800X3D,p123,ASUS RTX 3060 Ti White Edition,12080
p002,AMD Ryzen 7 7800X3D,p124,Sapphire RX 7900 GRE,25280
p002,AMD Ryzen 7 7800X3D,p125,MSI RTX 4060 Ventus 2X Black,13310
p003,Intel Core i5-13400F,p013,NVIDIA RTX 3060 12GB,10010
p003,Intel Core i5-13400F,p014,ASUS RTX 4070 Dual,16980
p003,Intel Core i5-13400F,p015,AMD Radeon RX 6800 XT,18050
p003,Intel Core i5-13400F,p016,MSI RTX 4090 SUPRIM,31980
p003,Intel Core i5-13400F,p017,PowerColor RX 7900 XTX,29520
p003,Intel Core i5-13400F,p018,Zotac RTX 4060 Ti 8GB,13450
p003,Intel Core i5-13400F,p060,NVIDIA RTX 3050 8GB,6320
p003,Intel Core i5-13400F,p061,ASUS RTX 4080 SUPER,27130
p003,Intel Core i5-13400F,p062,AMD Radeon RX 7700 XT,15790
p003,Intel Core i5-13400F,p063,MSI RTX 4070 Ti SUPER,23120
p003,Intel Core i5-13400F,p064,PowerColor RX 7600,11480
p003,Intel Core i5-13400F,p065,Zotac RTX 3060 Ti,11610
p003,Intel Core i5-13400F,p066,Gigabyte RTX 4060 AERO OC,13090
p003,Intel Core i5-13400F,p104,AMD Radeon RX 6600,9680
p003,Intel Core i5-13400F,p119,NVIDIA GT 1030 2GB,1930
p003,Intel Core i5-13400F,p120,AMD Radeon RX 6500 XT,5220
p003,Intel Core i5-13400F,p121,Intel Arc A750 8GB,12010
p003,Intel Core i5-13400F,p122,NVIDIA RTX 4090 Founders Edition,33350
p003,Intel Core i5-13400F,p123,ASUS RTX 3060 Ti White Edition,11800
p003,Intel Core i5-13400F,p124,Sapphire RX 7900 GRE,24680
p003,Intel Core i5-13400F,p125,MSI RTX 4060 Ventus 2X Black,12980
p004,Intel Core i7-13700K,p013,NVIDIA RTX 3060 12GB,10420
p004,Intel Core i7-13700K,p014,ASUS RTX 4070 Dual,17650
p004,Intel Core i7-13700K,p015,AMD Radeon RX 6800 XT,18720
p004,Intel Core i7-13700K,p016,MSI RTX 4090 SUPRIM,33450
p004,Intel Core i7-13700K,p017,PowerColor RX 7900 XTX,30780
p004,Intel Core i7-13700K,p018,Zotac RTX 4060 Ti 8GB,14020
p004,Intel Core i7-13700K,p060,NVIDIA RTX 3050 8GB,6590
p004,Intel Core i7-13700K,p061,ASUS RTX 4080 SUPER,28460
p004,Intel Core i7-13700K,p062,AMD Radeon RX 7700 XT,16450
p004,Intel Core i7-13700K,p063,MSI RTX 4070 Ti SUPER,24350
p004,Intel Core i7-13700K,p064,PowerColor RX 7600,12010
p004,Intel Core i7-13700K,p065,Zotac RTX 3060 Ti,12170
p004,Intel Core i7-13700K,p066,Gigabyte RTX 4060 AERO OC,13680
p004,Intel Core i7-13700K,p104,AMD Radeon RX 6600,10120
p004,Intel Core i7-13700K,p119,NVIDIA GT 1030 2GB,2010
p004,Intel Core i7-13700K,p120,AMD Radeon RX 6500 XT,5450
p004,Intel Core i7-13700K,p121,Intel Arc A750 8GB,12640
p004,Intel Core i7-13700K,p122,NVIDIA RTX 4090 Founders Edition,34870
p004,Intel Core i7-13700K,p123,ASUS RTX 3060 Ti White Edition,12350
p004,Intel Core i7-13700K,p124,Sapphire RX 7900 GRE,25830
p004,Intel Core i7-13700K,p125,MSI RTX 4060 Ventus 2X Black,13590
p005,Intel Core i9-13900K,p013,NVIDIA RTX 3060 12GB,10790
p005,Intel Core i9-13900K,p014,ASUS RTX 4070 Dual,18120
p005,Intel Core i9-13900K,p015,AMD Radeon RX 6800 XT,19260
p005,Intel Core i9-13900K,p016,MSI RTX 4090 SUPRIM,34620
p005,Intel Core i9-13900K,p017,PowerColor RX 7900 XTX,31890
p005,Intel Core i9-13900K,p018,Zotac RTX 4060 Ti 8GB,14530
p005,Intel Core i9-13900K,p060,NVIDIA RTX 3050 8GB,6820
p005,Intel Core i9-13900K,p061,ASUS RTX 4080 SUPER,29480
p005,Intel Core i9-13900K,p062,AMD Radeon RX 7700 XT,17010
p005,Intel Core i9-13900K,p063,MSI RTX 4070 Ti SUPER,25240
p005,Intel Core i9-13900K,p064,PowerColor RX 7600,12480
p005,Intel Core i9-13900K,p065,Zotac RTX 3060 Ti,12610
p005,Intel Core i9-13900K,p066,Gigabyte RTX 4060 AERO OC,14180
p005,Intel Core i9-13900K,p104,AMD Radeon RX 6600,10510
p005,Intel Core i9-13900K,p119,NVIDIA GT 1030 2GB,2090
p005,Intel Core i9-13900K,p120,AMD Radeon RX 6500 XT,5680
p005,Intel Core i9-13900K,p121,Intel Arc A750 8GB,13120
p005,Intel Core i9-13900K,p122,NVIDIA RTX 4090 Founders Edition,36120
p005,Intel Core i9-13900K,p123,ASUS RTX 3060 Ti White Edition,12830
p005,Intel Core i9-13900K,p124,Sapphire RX 7900 GRE,26840
p005,Intel Core i9-13900K,p125,MSI RTX 4060 Ventus 2X Black,14090
p006,AMD Ryzen 9 7950X,p013,NVIDIA RTX 3060 12GB,10850
p006,AMD Ryzen 9 7950X,p014,ASUS RTX 4070 Dual,18240
p006,AMD Ryzen 9 7950X,p015,AMD Radeon RX 6800 XT,19380
p006,AMD Ryzen 9 7950X,p016,MSI RTX 4090 SUPRIM,34890
p006,AMD Ryzen 9 7950X,p017,PowerColor RX 7900 XTX,32150
p006,AMD Ryzen 9 7950X,p018,Zotac RTX 4060 Ti 8GB,14610
p006,AMD Ryzen 9 7950X,p060,NVIDIA RTX 3050 8GB,6870
p006,AMD Ryzen 9 7950X,p061,ASUS RTX 4080 SUPER,29680
p006,AMD Ryzen 9 7950X,p062,AMD Radeon RX 7700 XT,17140
p006,AMD Ryzen 9 7950X,p063,MSI RTX 4070 Ti SUPER,25430
p006,AMD Ryzen 9 7950X,p064,PowerColor RX 7600,12570
p006,AMD Ryzen 9 7950X,p065,Zotac RTX 3060 Ti,12700
p006,AMD Ryzen 9 7950X,p066,Gigabyte RTX 4060 AERO OC,14290
p006,AMD Ryzen 9 7950X,p104,AMD Radeon RX 6600,10590
p006,AMD Ryzen 9 7950X,p119,NVIDIA GT 1030 2GB,2100
p006,AMD Ryzen 9 7950X,p120,AMD Radeon RX 6500 XT,5710
p006,AMD Ryzen 9 7950X,p121,Intel Arc A750 8GB,13210
p006,AMD Ryzen 9 7950X,p122,NVIDIA RTX 4090 Founders Edition,36400
p006,AMD Ryzen 9 7950X,p123,ASUS RTX 3060 Ti White Edition,12920
p006,AMD Ryzen 9 7950X,p124,Sapphire RX 7900 GRE,27050
p006,AMD Ryzen 9 7950X,p125,MSI RTX 4060 Ventus 2X Black,14190
p046,AMD Ryzen 5 5500,p013,NVIDIA RTX 3060 12GB,9180
p046,AMD Ryzen 5 5500,p014,ASUS RTX 4070 Dual,15680
p046,AMD Ryzen 5 5500,p015,AMD Radeon RX 6800 XT,16690
p046,AMD Ryzen 5 5500,p016,MSI RTX 4090 SUPRIM,29420
p046,AMD Ryzen 5 5500,p017,PowerColor RX 7900 XTX,27120
p046,AMD Ryzen 5 5500,p018,Zotac RTX 4060 Ti 8GB,12430
p046,AMD Ryzen 5 5500,p060,NVIDIA RTX 3050 8GB,5850
p046,AMD Ryzen 5 5500,p061,ASUS RTX 4080 SUPER,24980
p046,AMD Ryzen 5 5500,p062,AMD Radeon RX 7700 XT,14450
p046,AMD Ryzen 5 5500,p063,MSI RTX 4070 Ti SUPER,21240
p046,AMD Ryzen 5 5500,p064,PowerColor RX 7600,10540
p046,AMD Ryzen 5 5500,p065,Zotac RTX 3060 Ti,10720
p046,AMD Ryzen 5 5500,p066,Gigabyte RTX 4060 AERO OC,12080
p046,AMD Ryzen 5 5500,p104,AMD Radeon RX 6600,8900
p046,AMD Ryzen 5 5500,p119,NVIDIA GT 1030 2GB,1780
p046,AMD Ryzen 5 5500,p120,AMD Radeon RX 6500 XT,4790
p046,AMD Ryzen 5 5500,p121,Intel Arc A750 8GB,11020
p046,AMD Ryzen 5 5500,p122,NVIDIA RTX 4090 Founders Edition,30680
p046,AMD Ryzen 5 5500,p123,ASUS RTX 3060 Ti White Edition,10890
p046,AMD Ryzen 5 5500,p124,Sapphire RX 7900 GRE,22640
p046,AMD Ryzen 5 5500,p125,MSI RTX 4060 Ventus 2X Black,11960
p047,AMD Ryzen 7 5700X,p013,NVIDIA RTX 3060 12GB,9870
p047,AMD Ryzen 7 5700X,p014,ASUS RTX 4070 Dual,16850
p047,AMD Ryzen 7 5700X,p015,AMD Radeon RX 6800 XT,17980
p047,AMD Ryzen 7 5700X,p016,MSI RTX 4090 SUPRIM,31520
p047,AMD Ryzen 7 5700X,p017,PowerColor RX 7900 XTX,29140
p047,AMD Ryzen 7 5700X,p018,Zotac RTX 4060 Ti 8GB,13340
p047,AMD Ryzen 7 5700X,p060,NVIDIA RTX 3050 8GB,6280
p047,AMD Ryzen 7 5700X,p061,ASUS RTX 4080 SUPER,26820
p047,AMD Ryzen 7 5700X,p062,AMD Radeon RX 7700 XT,15610
p047,AMD Ryzen 7 5700X,p063,MSI RTX 4070 Ti SUPER,22890
p047,AMD Ryzen 7 5700X,p064,PowerColor RX 7600,11370
p047,AMD Ryzen 7 5700X,p065,Zotac RTX 3060 Ti,11540
p047,AMD Ryzen 7 5700X,p066,Gigabyte RTX 4060 AERO OC,13020
p047,AMD Ryzen 7 5700X,p104,AMD Radeon RX 6600,9570
p047,AMD Ryzen 7 5700X,p119,NVIDIA GT 1030 2GB,1910
p047,AMD Ryzen 7 5700X,p120,AMD Radeon RX 6500 XT,5160
p047,AMD Ryzen 7 5700X,p121,Intel Arc A750 8GB,11870
p047,AMD Ryzen 7 5700X,p122,NVIDIA RTX 4090 Founders Edition,32900
p047,AMD Ryzen 7 5700X,p123,ASUS RTX 3060 Ti White Edition,11720
p047,AMD Ryzen 7 5700X,p124,Sapphire RX 7900 GRE,24390
p047,AMD Ryzen 7 5700X,p125,MSI RTX 4060 Ventus 2X Black,12900
p048,Intel Core i3-13100F,p013,NVIDIA RTX 3060 12GB,9450
p048,Intel Core i3-13100F,p014,ASUS RTX 4070 Dual,16120
p048,Intel Core i3-13100F,p015,AMD Radeon RX 6800 XT,17180
p048,Intel Core i3-13100F,p016,MSI RTX 4090 SUPRIM,30180
p048,Intel Core i3-13100F,p017,PowerColor RX 7900 XTX,27850
p048,Intel Core i3-13100F,p018,Zotac RTX 4060 Ti 8GB,12780
p048,Intel Core i3-13100F,p060,NVIDIA RTX 3050 8GB,6000
p048,Intel Core i3-13100F,p061,ASUS RTX 4080 SUPER,25640
p048,Intel Core i3-13100F,p062,AMD Radeon RX 7700 XT,14890
p048,Intel Core i3-13100F,p063,MSI RTX 4070 Ti SUPER,21820
p048,Intel Core i3-13100F,p064,PowerColor RX 7600,10830
p048,Intel Core i3-13100F,p065,Zotac RTX 3060 Ti,10980
p048,Intel Core i3-13100F,p066,Gigabyte RTX 4060 AERO OC,12380
p048,Intel Core i3-13100F,p104,AMD Radeon RX 6600,9150
p048,Intel Core i3-13100F,p119,NVIDIA GT 1030 2GB,1830
p048,Intel Core i3-13100F,p120,AMD Radeon RX 6500 XT,4930
p048,Intel Core i3-13100F,p121,Intel Arc A750 8GB,11340
p048,Intel Core i3-13100F,p122,NVIDIA RTX 4090 Founders Edition,31480
p048,Intel Core i3-13100F,p123,ASUS RTX 3060 Ti White Edition,11180
p048,Intel Core i3-13100F,p124,Sapphire RX 7900 GRE,23270
p048,Intel Core i3-13100F,p125,MSI RTX 4060 Ventus 2X Black,12280
p049,Intel Core i5-13600K,p013,NVIDIA RTX 3060 12GB,10620
p049,Intel Core i5-13600K,p014,ASUS RTX 4070 Dual,17980
p049,Intel Core i5-13600K,p015,AMD Radeon RX 6800 XT,19080
p049,Intel Core i5-13600K,p016,MSI RTX 4090 SUPRIM,34210
p049,Intel Core i5-13600K,p017,PowerColor RX 7900 XTX,31520
p049,Intel Core i5-13600K,p018,Zotac RTX 4060 Ti 8GB,14350
p049,Intel Core i5-13600K,p060,NVIDIA RTX 3050 8GB,6740
p049,Intel Core i5-13600K,p061,ASUS RTX 4080 SUPER,29120
p049,Intel Core i5-13600K,p062,AMD Radeon RX 7700 XT,16820
p049,Intel Core i5-13600K,p063,MSI RTX 4070 Ti SUPER,24960
p049,Intel Core i5-13600K,p064,PowerColor RX 7600,12340
p049,Intel Core i5-13600K,p065,Zotac RTX 3060 Ti,12480
p049,Intel Core i5-13600K,p066,Gigabyte RTX 4060 AERO OC,14020
p049,Intel Core i5-13600K,p104,AMD Radeon RX 6600,10390
p049,Intel Core i5-13600K,p119,NVIDIA GT 1030 2GB,2070
p049,Intel Core i5-13600K,p120,AMD Radeon RX 6500 XT,5600
p049,Intel Core i5-13600K,p121,Intel Arc A750 8GB,12960
p049,Intel Core i5-13600K,p122,NVIDIA RTX 4090 Founders Edition,35710
p049,Intel Core i5-13600K,p123,ASUS RTX 3060 Ti White Edition,12690
p049,Intel Core i5-13600K,p124,Sapphire RX 7900 GRE,26520
p049,Intel Core i5-13600K,p125,MSI RTX 4060 Ventus 2X Black,13940
p050,AMD Ryzen 9 7900X3D,p013,NVIDIA RTX 3060 12GB,10920
p050,AMD Ryzen 9 7900X3D,p014,ASUS RTX 4070 Dual,18380
p050,AMD Ryzen 9 7900X3D,p015,AMD Radeon RX 6800 XT,19520
p050,AMD Ryzen 9 7900X3D,p016,MSI RTX 4090 SUPRIM,35120
p050,AMD Ryzen 9 7900X3D,p017,PowerColor RX 7900 XTX,32410
p050,AMD Ryzen 9 7900X3D,p018,Zotac RTX 4060 Ti 8GB,14730
p050,AMD Ryzen 9 7900X3D,p060,NVIDIA RTX 3050 8GB,6930
p050,AMD Ryzen 9 7900X3D,p061,ASUS RTX 4080 SUPER,29890
p050,AMD Ryzen 9 7900X3D,p062,AMD Radeon RX 7700 XT,17280
p050,AMD Ryzen 9 7900X3D,p063,MSI RTX 4070 Ti SUPER,25640
p050,AMD Ryzen 9 7900X3D,p064,PowerColor RX 7600,12680
p050,AMD Ryzen 9 7900X3D,p065,Zotac RTX 3060 Ti,12810
p050,AMD Ryzen 9 7900X3D,p066,Gigabyte RTX 4060 AERO OC,14410
p050,AMD Ryzen 9 7900X3D,p104,AMD Radeon RX 6600,10690
p050,AMD Ryzen 9 7900X3D,p119,NVIDIA GT 1030 2GB,2120
p050,AMD Ryzen 9 7900X3D,p120,AMD Radeon RX 6500 XT,5760
p050,AMD Ryzen 9 7900X3D,p121,Intel Arc A750 8GB,13340
p050,AMD Ryzen 9 7900X3D,p122,NVIDIA RTX 4090 Founders Edition,36650
p050,AMD Ryzen 9 7900X3D,p123,ASUS RTX 3060 Ti White Edition,13040
p050,AMD Ryzen 9 7900X3D,p124,Sapphire RX 7900 GRE,27290
p050,AMD Ryzen 9 7900X3D,p125,MSI RTX 4060 Ventus 2X Black,14330
p051,Intel Core i9-14900K,p013,NVIDIA RTX 3060 12GB,10980
p051,Intel Core i9-14900K,p014,ASUS RTX 4070 Dual,18490
p051,Intel Core i9-14900K,p015,AMD Radeon RX 6800 XT,19650
p051,Intel Core i9-14900K,p016,MSI RTX 4090 SUPRIM,35420
p051,Intel Core i9-14900K,p017,PowerColor RX 7900 XTX,32680
p051,Intel Core i9-14900K,p018,Zotac RTX 4060 Ti 8GB,14860
p051,Intel Core i9-14900K,p060,NVIDIA RTX 3050 8GB,6990
p051,Intel Core i9-14900K,p061,ASUS RTX 4080 SUPER,30120
p051,Intel Core i9-14900K,p062,AMD Radeon RX 7700 XT,17420
p051,Intel Core i9-14900K,p063,MSI RTX 4070 Ti SUPER,25840
p051,Intel Core i9-14900K,p064,PowerColor RX 7600,12790
p051,Intel Core i9-14900K,p065,Zotac RTX 3060 Ti,12930
p051,Intel Core i9-14900K,p066,Gigabyte RTX 4060 AERO OC,14540
p051,Intel Core i9-14900K,p104,AMD Radeon RX 6600,10790
p051,Intel Core i9-14900K,p119,NVIDIA GT 1030 2GB,2140
p051,Intel Core i9-14900K,p120,AMD Radeon RX 6500 XT,5810
p051,Intel Core i9-14900K,p121,Intel Arc A750 8GB,13460
p051,Intel Core i9-14900K,p122,NVIDIA RTX 4090 Founders Edition,36980
p051,Intel Core i9-14900K,p123,ASUS RTX 3060 Ti White Edition,13160
p051,Intel Core i9-14900K,p124,Sapphire RX 7900 GRE,27540
p051,Intel Core i9-14900K,p125,MSI RTX 4060 Ventus 2X Black,14460
p052,AMD Ryzen 5 7600X,p013,NVIDIA RTX 3060 12GB,10280
p052,AMD Ryzen 5 7600X,p014,ASUS RTX 4070 Dual,17420
p052,AMD Ryzen 5 7600X,p015,AMD Radeon RX 6800 XT,18510
p052,AMD Ryzen 5 7600X,p016,MSI RTX 4090 SUPRIM,33020
p052,AMD Ryzen 5 7600X,p017,PowerColor RX 7900 XTX,30450
p052,AMD Ryzen 5 7600X,p018,Zotac RTX 4060 Ti 8GB,13880
p052,AMD Ryzen 5 7600X,p060,NVIDIA RTX 3050 8GB,6540
p052,AMD Ryzen 5 7600X,p061,ASUS RTX 4080 SUPER,28150
p052,AMD Ryzen 5 7600X,p062,AMD Radeon RX 7700 XT,16290
p052,AMD Ryzen 5 7600X,p063,MSI RTX 4070 Ti SUPER,24090
p052,AMD Ryzen 5 7600X,p064,PowerColor RX 7600,11870
p052,AMD Ryzen 5 7600X,p065,Zotac RTX 3060 Ti,12030
p052,AMD Ryzen 5 7600X,p066,Gigabyte RTX 4060 AERO OC,13540
p052,AMD Ryzen 5 7600X,p104,AMD Radeon RX 6600,9990
p052,AMD Ryzen 5 7600X,p119,NVIDIA GT 1030 2GB,1990
p052,AMD Ryzen 5 7600X,p120,AMD Radeon RX 6500 XT,5380
p052,AMD Ryzen 5 7600X,p121,Intel Arc A750 8GB,12470
p052,AMD Ryzen 5 7600X,p122,NVIDIA RTX 4090 Founders Edition,34480
p052,AMD Ryzen 5 7600X,p123,ASUS RTX 3060 Ti White Edition,12210
p052,AMD Ryzen 5 7600X,p124,Sapphire RX 7900 GRE,25540
p052,AMD Ryzen 5 7600X,p125,MSI RTX 4060 Ventus 2X Black,13440
p103,Intel Core i7-12700KF,p013,NVIDIA RTX 3060 12GB,10510
p103,Intel Core i7-12700KF,p014,ASUS RTX 4070 Dual,17820
p103,Intel Core i7-12700KF,p015,AMD Radeon RX 6800 XT,18910
p103,Intel Core i7-12700KF,p016,MSI RTX 4090 SUPRIM,33870
p103,Intel Core i7-12700KF,p017,PowerColor RX 7900 XTX,31150
p103,Intel Core i7-12700KF,p018,Zotac RTX 4060 Ti 8GB,14210
p103,Intel Core i7-12700KF,p060,NVIDIA RTX 3050 8GB,6680
p103,Intel Core i7-12700KF,p061,ASUS RTX 4080 SUPER,28830
p103,Intel Core i7-12700KF,p062,AMD Radeon RX 7700 XT,16670
p103,Intel Core i7-12700KF,p063,MSI RTX 4070 Ti SUPER,24660
p103,Intel Core i7-12700KF,p064,PowerColor RX 7600,12190
p103,Intel Core i7-12700KF,p065,Zotac RTX 3060 Ti,12350
p103,Intel Core i7-12700KF,p066,Gigabyte RTX 4060 AERO OC,13890
p103,Intel Core i7-12700KF,p104,AMD Radeon RX 6600,10270
p103,Intel Core i7-12700KF,p119,NVIDIA GT 1030 2GB,2040
p103,Intel Core i7-12700KF,p120,AMD Radeon RX 6500 XT,5530
p103,Intel Core i7-12700KF,p121,Intel Arc A750 8GB,12830
p103,Intel Core i7-12700KF,p122,NVIDIA RTX 4090 Founders Edition,35370
p103,Intel Core i7-12700KF,p123,ASUS RTX 3060 Ti White Edition,12540
p103,Intel Core i7-12700KF,p124,Sapphire RX 7900 GRE,26220
p103,Intel Core i7-12700KF,p125,MSI RTX 4060 Ventus 2X Black,13800
p106,AMD Ryzen 3 4100,p013,NVIDIA RTX 3060 12GB,8750
p106,AMD Ryzen 3 4100,p014,ASUS RTX 4070 Dual,14890
p106,AMD Ryzen 3 4100,p015,AMD Radeon RX 6800 XT,15820
p106,AMD Ryzen 3 4100,p016,MSI RTX 4090 SUPRIM,28040
p106,AMD Ryzen 3 4100,p017,PowerColor RX 7900 XTX,25890
p106,AMD Ryzen 3 4100,p018,Zotac RTX 4060 Ti 8GB,11890
p106,AMD Ryzen 3 4100,p060,NVIDIA RTX 3050 8GB,5590
p106,AMD Ryzen 3 4100,p061,ASUS RTX 4080 SUPER,23810
p106,AMD Ryzen 3 4100,p062,AMD Radeon RX 7700 XT,13780
p106,AMD Ryzen 3 4100,p063,MSI RTX 4070 Ti SUPER,20280
p106,AMD Ryzen 3 4100,p064,PowerColor RX 7600,10060
p106,AMD Ryzen 3 4100,p065,Zotac RTX 3060 Ti,10230
p106,AMD Ryzen 3 4100,p066,Gigabyte RTX 4060 AERO OC,11520
p106,AMD Ryzen 3 4100,p104,AMD Radeon RX 6600,8490
p106,AMD Ryzen 3 4100,p119,NVIDIA GT 1030 2GB,1700
p106,AMD Ryzen 3 4100,p120,AMD Radeon RX 6500 XT,4560
p106,AMD Ryzen 3 4100,p121,Intel Arc A750 8GB,10520
p106,AMD Ryzen 3 4100,p122,NVIDIA RTX 4090 Founders Edition,29240
p106,AMD Ryzen 3 4100,p123,ASUS RTX 3060 Ti White Edition,10390
p106,AMD Ryzen 3 4100,p124,Sapphire RX 7900 GRE,21610
p106,AMD Ryzen 3 4100,p125,MSI RTX 4060 Ventus 2X Black,11410
p107,Intel Pentium Gold G7400,p013,NVIDIA RTX 3060 12GB,8520
p107,Intel Pentium Gold G7400,p014,ASUS RTX 4070 Dual,14450
p107,Intel Pentium Gold G7400,p015,AMD Radeon RX 6800 XT,15360
p107,Intel Pentium Gold G7400,p016,MSI RTX 4090 SUPRIM,27210
p107,Intel Pentium Gold G7400,p017,PowerColor RX 7900 XTX,25120
p107,Intel Pentium Gold G7400,p018,Zotac RTX 4060 Ti 8GB,11540
p107,Intel Pentium Gold G7400,p060,NVIDIA RTX 3050 8GB,5420
p107,Intel Pentium Gold G7400,p061,ASUS RTX 4080 SUPER,23120
p107,Intel Pentium Gold G7400,p062,AMD Radeon RX 7700 XT,13370
p107,Intel Pentium Gold G7400,p063,MSI RTX 4070 Ti SUPER,19680
p107,Intel Pentium Gold G7400,p064,PowerColor RX 7600,9760
p107,Intel Pentium Gold G7400,p065,Zotac RTX 3060 Ti,9930
p107,Intel Pentium Gold G7400,p066,Gigabyte RTX 4060 AERO OC,11180
p107,Intel Pentium Gold G7400,p104,AMD Radeon RX 6600,8240
p107,Intel Pentium Gold G7400,p119,NVIDIA GT 1030 2GB,1650
p107,Intel Pentium Gold G7400,p120,AMD Radeon RX 6500 XT,4420
p107,Intel Pentium Gold G7400,p121,Intel Arc A750 8GB,10210
p107,Intel Pentium Gold G7400,p122,NVIDIA RTX 4090 Founders Edition,28390
p107,Intel Pentium Gold G7400,p123,ASUS RTX 3060 Ti White Edition,10090
p107,Intel Pentium Gold G7400,p124,Sapphire RX 7900 GRE,20980
p107,Intel Pentium Gold G7400,p125,MSI RTX 4060 Ventus 2X Black,11080
p108,AMD Ryzen 7 5800X,p013,NVIDIA RTX 3060 12GB,10050
p108,AMD Ryzen 7 5800X,p014,ASUS RTX 4070 Dual,17120
p108,AMD Ryzen 7 5800X,p015,AMD Radeon RX 6800 XT,18230
p108,AMD Ryzen 7 5800X,p016,MSI RTX 4090 SUPRIM,32240
p108,AMD Ryzen 7 5800X,p017,PowerColor RX 7900 XTX,29650
p108,AMD Ryzen 7 5800X,p018,Zotac RTX 4060 Ti 8GB,13610
p108,AMD Ryzen 7 5800X,p060,NVIDIA RTX 3050 8GB,6400
p108,AMD Ryzen 7 5800X,p061,ASUS RTX 4080 SUPER,27430
p108,AMD Ryzen 7 5800X,p062,AMD Radeon RX 7700 XT,15920
p108,AMD Ryzen 7 5800X,p063,MSI RTX 4070 Ti SUPER,23380
p108,AMD Ryzen 7 5800X,p064,PowerColor RX 7600,11600
p108,AMD Ryzen 7 5800X,p065,Zotac RTX 3060 Ti,11770
p108,AMD Ryzen 7 5800X,p066,Gigabyte RTX 4060 AERO OC,13270
p108,AMD Ryzen 7 5800X,p104,AMD Radeon RX 6600,9760
p108,AMD Ryzen 7 5800X,p119,NVIDIA GT 1030 2GB,1950
p108,AMD Ryzen 7 5800X,p120,AMD Radeon RX 6500 XT,5270
p108,AMD Ryzen 7 5800X,p121,Intel Arc A750 8GB,12110
p108,AMD Ryzen 7 5800X,p122,NVIDIA RTX 4090 Founders Edition,33650
p108,AMD Ryzen 7 5800X,p123,ASUS RTX 3060 Ti White Edition,11960
p108,AMD Ryzen 7 5800X,p124,Sapphire RX 7900 GRE,24930
p108,AMD Ryzen 7 5800X,p125,MSI RTX 4060 Ventus 2X Black,13160
p109,Intel Core i9-12900KS,p013,NVIDIA RTX 3060 12GB,10820
p109,Intel Core i9-12900KS,p014,ASUS RTX 4070 Dual,18210
p109,Intel Core i9-12900KS,p015,AMD Radeon RX 6800 XT,19340
p109,Intel Core i9-12900KS,p016,MSI RTX 4090 SUPRIM,34780
p109,Intel Core i9-12900KS,p017,PowerColor RX 7900 XTX,32040
p109,Intel Core i9-12900KS,p018,Zotac RTX 4060 Ti 8GB,14600
p109,Intel Core i9-12900KS,p060,NVIDIA RTX 3050 8GB,6860
p109,Intel Core i9-12900KS,p061,ASUS RTX 4080 SUPER,29610
p109,Intel Core i9-12900KS,p062,AMD Radeon RX 7700 XT,17100
p109,Intel Core i9-12900KS,p063,MSI RTX 4070 Ti SUPER,25360
p109,Intel Core i9-12900KS,p064,PowerColor RX 7600,12550
p109,Intel Core i9-12900KS,p065,Zotac RTX 3060 Ti,12680
p109,Intel Core i9-12900KS,p066,Gigabyte RTX 4060 AERO OC,14260
p109,Intel Core i9-12900KS,p104,AMD Radeon RX 6600,10570
p109,Intel Core i9-12900KS,p119,NVIDIA GT 1030 2GB,2100
p109,Intel Core i9-12900KS,p120,AMD Radeon RX 6500 XT,5710
p109,Intel Core i9-12900KS,p121,Intel Arc A750 8GB,13200
p109,Intel Core i9-12900KS,p122,NVIDIA RTX 4090 Founders Edition,36290
p109,Intel Core i9-12900KS,p123,ASUS RTX 3060 Ti White Edition,12880
p109,Intel Core i9-12900KS,p124,Sapphire RX 7900 GRE,26960
p109,Intel Core i9-12900KS,p125,MSI RTX 4060 Ventus 2X Black,14170
p110,AMD Threadripper 3960X,p013,NVIDIA RTX 3060 12GB,11240
p110,AMD Threadripper 3960X,p014,ASUS RTX 4070 Dual,18930
p110,AMD Threadripper 3960X,p015,AMD Radeon RX 6800 XT,20120
p110,AMD Threadripper 3960X,p016,MSI RTX 4090 SUPRIM,36210
p110,AMD Threadripper 3960X,p017,PowerColor RX 7900 XTX,33480
p110,AMD Threadripper 3960X,p018,Zotac RTX 4060 Ti 8GB,15240
p110,AMD Threadripper 3960X,p060,NVIDIA RTX 3050 8GB,7170
p110,AMD Threadripper 3960X,p061,ASUS RTX 4080 SUPER,30870
p110,AMD Threadripper 3960X,p062,AMD Radeon RX 7700 XT,17860
p110,AMD Threadripper 3960X,p063,MSI RTX 4070 Ti SUPER,26470
p110,AMD Threadripper 3960X,p064,PowerColor RX 7600,13120
p110,AMD Threadripper 3960X,p065,Zotac RTX 3060 Ti,13250
p110,AMD Threadripper 3960X,p066,Gigabyte RTX 4060 AERO OC,14920
p110,AMD Threadripper 3960X,p104,AMD Radeon RX 6600,11040
p110,AMD Threadripper 3960X,p119,NVIDIA GT 1030 2GB,2190
p110,AMD Threadripper 3960X,p120,AMD Radeon RX 6500 XT,5970
p110,AMD Threadripper 3960X,p121,Intel Arc A750 8GB,13810
p110,AMD Threadripper 3960X,p122,NVIDIA RTX 4090 Founders Edition,37820
p110,AMD Threadripper 3960X,p123,ASUS RTX 3060 Ti White Edition,13490
p110,AMD Threadripper 3960X,p124,Sapphire RX 7900 GRE,28240
p110,AMD Threadripper 3960X,p125,MSI RTX 4060 Ventus 2X Black,14840
p111,Intel Core i5-12400,p013,NVIDIA RTX 3060 12GB,9900
p111,Intel Core i5-12400,p014,ASUS RTX 4070 Dual,16890
p111,Intel Core i5-12400,p015,AMD Radeon RX 6800 XT,17980
p111,Intel Core i5-12400,p016,MSI RTX 4090 SUPRIM,31850
p111,Intel Core i5-12400,p017,PowerColor RX 7900 XTX,29370
p111,Intel Core i5-12400,p018,Zotac RTX 4060 Ti 8GB,13420
p111,Intel Core i5-12400,p060,NVIDIA RTX 3050 8GB,6310
p111,Intel Core i5-12400,p061,ASUS RTX 4080 SUPER,27020
p111,Intel Core i5-12400,p062,AMD Radeon RX 7700 XT,15690
p111,Intel Core i5-12400,p063,MSI RTX 4070 Ti SUPER,23040
p111,Intel Core i5-12400,p064,PowerColor RX 7600,11430
p111,Intel Core i5-12400,p065,Zotac RTX 3060 Ti,11580
p111,Intel Core i5-12400,p066,Gigabyte RTX 4060 AERO OC,13050
p111,Intel Core i5-12400,p104,AMD Radeon RX 6600,9620
p111,Intel Core i5-12400,p119,NVIDIA GT 1030 2GB,1920
p111,Intel Core i5-12400,p120,AMD Radeon RX 6500 XT,5190
p111,Intel Core i5-12400,p121,Intel Arc A750 8GB,11970
p111,Intel Core i5-12400,p122,NVIDIA RTX 4090 Founders Edition,33260
p111,Intel Core i5-12400,p123,ASUS RTX 3060 Ti White Edition,11770
p111,Intel Core i5-12400,p124,Sapphire RX 7900 GRE,24590
p111,Intel Core i5-12400,p125,MSI RTX 4060 Ventus 2X Black,12940
p112,AMD Ryzen 5 8600G,p013,NVIDIA RTX 3060 12GB,9910
p112,AMD Ryzen 5 8600G,p014,ASUS RTX 4070 Dual,16910
p112,AMD Ryzen 5 8600G,p015,AMD Radeon RX 6800 XT,18000
p112,AMD Ryzen 5 8600G,p016,MSI RTX 4090 SUPRIM,31920
p112,AMD Ryzen 5 8600G,p017,PowerColor RX 7900 XTX,29480
p112,AMD Ryzen 5 8600G,p018,Zotac RTX 4060 Ti 8GB,13480
p112,AMD Ryzen 5 8600G,p060,NVIDIA RTX 3050 8GB,6330
p112,AMD Ryzen 5 8600G,p061,ASUS RTX 4080 SUPER,27110
p112,AMD Ryzen 5 8600G,p062,AMD Radeon RX 7700 XT,15750
p112,AMD Ryzen 5 8600G,p063,MSI RTX 4070 Ti SUPER,23140
p112,AMD Ryzen 5 8600G,p064,PowerColor RX 7600,11490
p112,AMD Ryzen 5 8600G,p065,Zotac RTX 3060 Ti,11630
p112,AMD Ryzen 5 8600G,p066,Gigabyte RTX 4060 AERO OC,13110
p112,AMD Ryzen 5 8600G,p104,AMD Radeon RX 6600,9650
p112,AMD Ryzen 5 8600G,p119,NVIDIA GT 1030 2GB,1925
p112,AMD Ryzen 5 8600G,p120,AMD Radeon RX 6500 XT,5210
p112,AMD Ryzen 5 8600G,p121,Intel Arc A750 8GB,12020
p112,AMD Ryzen 5 8600G,p122,NVIDIA RTX 4090 Founders Edition,33350
p112,AMD Ryzen 5 8600G,p123,ASUS RTX 3060 Ti White Edition,11820
p112,AMD Ryzen 5 8600G,p124,Sapphire RX 7900 GRE,24680
p112,AMD Ryzen 5 8600G,p125,MSI RTX 4060 Ventus 2X Black,13000